"team_id","abbreviation","display_name","short_name","mascot","nickname","team","color","alternate_color","logo","logo_dark"
"2000","ACU","Abilene Christian Wildcats","Abilene Chrstn","Wildcats","Abilene Chrstn","Abilene Christian","4e2683","ebebeb","https://a.espncdn.com/i/teamlogos/ncaa/500/2000.png","https://a.espncdn.com/i/teamlogos/ncaa/500-dark/2000.png"
"2005","AFA","Air Force Falcons","Air Force","Falcons","Air Force","Air Force","004a7b","ffffff","https://a.espncdn.com/i/teamlogos/ncaa/500/2005.png","https://a.espncdn.com/i/teamlogos/ncaa/500-dark/2005.png"
"2006","AKR","Akron Zips","Akron","Zips","Akron","Akron","00285e","84754e","https://a.espncdn.com/i/teamlogos/ncaa/500/2006.png","https://a.espncdn.com/i/teamlogos/ncaa/500-dark/2006.png"
"2010","AAMU","Alabama A&M Bulldogs","Alabama A&M","Bulldogs","Alabama A&M","Alabama A&M","790000","ffffff","https://a.espncdn.com/i/teamlogos/ncaa/500/2010.png","https://a.espncdn.com/i/teamlogos/ncaa/500-dark/2010.png"
"333","ALA","Alabama Crimson Tide","Alabama","Crimson Tide","Alabama","Alabama","9e1632","ffffff","https://a.espncdn.com/i/teamlogos/ncaa/500/333.png","https://a.espncdn.com/i/teamlogos/ncaa/500-dark/333.png"
"2011","ALST","Alabama State Hornets","Alabama St","Hornets","Alabama St","Alabama State","e9a900","0a0a0a","https://a.espncdn.com/i/teamlogos/ncaa/500/2011.png","https://a.espncdn.com/i/teamlogos/ncaa/500-dark/2011.png"
"399","ALB","Albany Great Danes","Albany","Great Danes","Albany","Albany","3D2777","ffffff","https://a.espncdn.com/i/teamlogos/ncaa/500/399.png","https://a.espncdn.com/i/teamlogos/ncaa/500-dark/399.png"
"2016","ALCN","Alcorn State Braves","Alcorn St","Braves","Alcorn St","Alcorn State","4b0058","46166a","https://a.espncdn.com/i/teamlogos/ncaa/500/2016.png","https://a.espncdn.com/i/teamlogos/ncaa/500-dark/2016.png"
"44","AMER","American University Eagles","American","Eagles","American","American University","c41130","c8102e","https://a.espncdn.com/i/teamlogos/ncaa/500/44.png","https://a.espncdn.com/i/teamlogos/ncaa/500-dark/44.png"
"2026","APP","Appalachian State Mountaineers","Appalachian St","Mountaineers","Appalachian St","Appalachian State","000000","ffcd00","https://a.espncdn.com/i/teamlogos/ncaa/500/2026.png","https://a.espncdn.com/i/teamlogos/ncaa/500-dark/2026.png"
"9","ASU","Arizona State Sun Devils","Arizona St","Sun Devils","Arizona St","Arizona State","942139","f1f2f3","https://a.espncdn.com/i/teamlogos/ncaa/500/9.png","https://a.espncdn.com/i/teamlogos/ncaa/500-dark/9.png"
"12","ARIZ","Arizona Wildcats","Arizona","Wildcats","Arizona","Arizona","0c234b","ab0520","https://a.espncdn.com/i/teamlogos/ncaa/500/12.png","https://a.espncdn.com/i/teamlogos/ncaa/500-dark/12.png"
"8","ARK","Arkansas Razorbacks","Arkansas","Razorbacks","Arkansas","Arkansas","a41f35","222222","https://a.espncdn.com/i/teamlogos/ncaa/500/8.png","https://a.espncdn.com/i/teamlogos/ncaa/500-dark/8.png"
"2032","ARST","Arkansas State Red Wolves","Arkansas St","Red Wolves","Arkansas St","Arkansas State","e81018","000000","https://a.espncdn.com/i/teamlogos/ncaa/500/2032.png","https://a.espncdn.com/i/teamlogos/ncaa/500-dark/2032.png"
"2029","UAPB","Arkansas-Pine Bluff Golden Lions","AR-Pine Bluff","Golden Lions","AR-Pine Bluff","Arkansas-Pine Bluff","e0aa0f","eaaa00","https://a.espncdn.com/i/teamlogos/ncaa/500/2029.png","https://a.espncdn.com/i/teamlogos/ncaa/500-dark/2029.png"
"349","ARMY","Army Black Knights","Army","Black Knights","Army","Army","ce9c00","231f20","https://a.espncdn.com/i/teamlogos/ncaa/500/349.png","https://a.espncdn.com/i/teamlogos/ncaa/500-dark/349.png"
"2","AUB","Auburn Tigers","Auburn","Tigers","Auburn","Auburn","03244d","f1f2f3","https://a.espncdn.com/i/teamlogos/ncaa/500/2.png","https://a.espncdn.com/i/teamlogos/ncaa/500-dark/2.png"
"2046","APSU","Austin Peay Governors","Austin Peay","Governors","Austin Peay","Austin Peay","8e0b0b",NA,"https://a.espncdn.com/i/teamlogos/ncaa/500/2046.png","https://a.espncdn.com/i/teamlogos/ncaa/500-dark/2046.png"
"252","BYU","BYU Cougars","BYU","Cougars","BYU","BYU","001E4C","ffffff","https://a.espncdn.com/i/teamlogos/ncaa/500/252.png","https://a.espncdn.com/i/teamlogos/ncaa/500-dark/252.png"
"2050","BALL","Ball State Cardinals","Ball State","Cardinals","Ball State","Ball State","DA0000","ffffff","https://a.espncdn.com/i/teamlogos/ncaa/500/2050.png","https://a.espncdn.com/i/teamlogos/ncaa/500-dark/2050.png"
"239","BAY","Baylor Bears","Baylor","Bears","Baylor","Baylor","154734","ffb81c","https://a.espncdn.com/i/teamlogos/ncaa/500/239.png","https://a.espncdn.com/i/teamlogos/ncaa/500-dark/239.png"
"91","BELL","Bellarmine Knights","Bellarmine","Knights","Bellarmine","Bellarmine","000000",NA,"https://a.espncdn.com/i/teamlogos/ncaa/500/91.png","https://a.espncdn.com/i/teamlogos/ncaa/500-dark/91.png"
"2057","BEL","Belmont Bruins","Belmont","Bruins","Belmont","Belmont","182142","c9262d","https://a.espncdn.com/i/teamlogos/ncaa/500/2057.png","https://a.espncdn.com/i/teamlogos/ncaa/500-dark/2057.png"
"2065","BCU","Bethune-Cookman Wildcats","Bethune","Wildcats","Bethune","Bethune-Cookman","7b1831","e9aa12","https://a.espncdn.com/i/teamlogos/ncaa/500/2065.png","https://a.espncdn.com/i/teamlogos/ncaa/500-dark/2065.png"
"2066","BING","Binghamton Bearcats","Binghamton","Bearcats","Binghamton","Binghamton","00614A","f0f0f0","https://a.espncdn.com/i/teamlogos/ncaa/500/2066.png","https://a.espncdn.com/i/teamlogos/ncaa/500-dark/2066.png"
"68","BOIS","Boise State Broncos","Boise St","Broncos","Boise St","Boise State","0033a0","fa4616","https://a.espncdn.com/i/teamlogos/ncaa/500/68.png","https://a.espncdn.com/i/teamlogos/ncaa/500-dark/68.png"
"103","BC","Boston College Eagles","Boston College","Eagles","Boston College","Boston College","8c2232","dbcca6","https://a.espncdn.com/i/teamlogos/ncaa/500/103.png","https://a.espncdn.com/i/teamlogos/ncaa/500-dark/103.png"
"104","BU","Boston University Terriers","Boston Univ","Terriers","Boston Univ","Boston University","cc0000","ffffff","https://a.espncdn.com/i/teamlogos/ncaa/500/104.png","https://a.espncdn.com/i/teamlogos/ncaa/500-dark/104.png"
"189","BGSU","Bowling Green Falcons","Bowling Green","Falcons","Bowling Green","Bowling Green","2b1000","492000","https://a.espncdn.com/i/teamlogos/ncaa/500/189.png","https://a.espncdn.com/i/teamlogos/ncaa/500-dark/189.png"
"71","BRAD","Bradley Braves","Bradley","Braves","Bradley","Bradley","b70002","c0c0c0","https://a.espncdn.com/i/teamlogos/ncaa/500/71.png","https://a.espncdn.com/i/teamlogos/ncaa/500-dark/71.png"
"225","BRWN","Brown Bears","Brown","Bears","Brown","Brown","411e09","949300","https://a.espncdn.com/i/teamlogos/ncaa/500/225.png","https://a.espncdn.com/i/teamlogos/ncaa/500-dark/225.png"
"2803","BRY","Bryant Bulldogs","Bryant","Bulldogs","Bryant","Bryant","000000","9f8343","https://a.espncdn.com/i/teamlogos/ncaa/500/2803.png","https://a.espncdn.com/i/teamlogos/ncaa/500-dark/2803.png"
"2083","BUCK","Bucknell Bison","Bucknell","Bison","Bucknell","Bucknell","000060","00316e","https://a.espncdn.com/i/teamlogos/ncaa/500/2083.png","https://a.espncdn.com/i/teamlogos/ncaa/500-dark/2083.png"
"2084","BUFF","Buffalo Bulls","Buffalo","Bulls","Buffalo","Buffalo","041A9B","ebebeb","https://a.espncdn.com/i/teamlogos/ncaa/500/2084.png","https://a.espncdn.com/i/teamlogos/ncaa/500-dark/2084.png"
"2086","BUT","Butler Bulldogs","Butler","Bulldogs","Butler","Butler","0d1361","00a3e0","https://a.espncdn.com/i/teamlogos/ncaa/500/2086.png","https://a.espncdn.com/i/teamlogos/ncaa/500-dark/2086.png"
"13","CP","Cal Poly Mustangs","Cal Poly","Mustangs","Cal Poly","Cal Poly","1E4D2B","eed897","https://a.espncdn.com/i/teamlogos/ncaa/500/13.png","https://a.espncdn.com/i/teamlogos/ncaa/500-dark/13.png"
"2934","CSUB","Cal State Bakersfield Roadrunners","Bakersfield","Roadrunners","Bakersfield","Cal State Bakersfield","003BAB",NA,"https://a.espncdn.com/i/teamlogos/ncaa/500/2934.png","https://a.espncdn.com/i/teamlogos/ncaa/500-dark/2934.png"
"2239","CSUF","Cal State Fullerton Titans","Fullerton","Titans","Fullerton","Cal State Fullerton","003767","ff8300","https://a.espncdn.com/i/teamlogos/ncaa/500/2239.png","https://a.espncdn.com/i/teamlogos/ncaa/500-dark/2239.png"
"2463","CSUN","Cal State Northridge Matadors","CSU Northridge","Matadors","CSU Northridge","Cal State Northridge","b50000",NA,"https://a.espncdn.com/i/teamlogos/ncaa/500/2463.png","https://a.espncdn.com/i/teamlogos/ncaa/500-dark/2463.png"
"2856","CBU","California Baptist Lancers","CA Baptist","Lancers","CA Baptist","California Baptist","000080",NA,"https://a.espncdn.com/i/teamlogos/ncaa/500/2856.png","https://a.espncdn.com/i/teamlogos/ncaa/500-dark/2856.png"
"25","CAL","California Golden Bears","California","Golden Bears","California","California","031522","ffc423","https://a.espncdn.com/i/teamlogos/ncaa/500/25.png","https://a.espncdn.com/i/teamlogos/ncaa/500-dark/25.png"
"2097","CAMP","Campbell Fighting Camels","Campbell","Fighting Camels","Campbell","Campbell","000000",NA,"https://a.espncdn.com/i/teamlogos/ncaa/500/2097.png","https://a.espncdn.com/i/teamlogos/ncaa/500-dark/2097.png"
"2099","CAN","Canisius Golden Griffins","Canisius","Golden Griffins","Canisius","Canisius","004a81","dda50f","https://a.espncdn.com/i/teamlogos/ncaa/500/2099.png","https://a.espncdn.com/i/teamlogos/ncaa/500-dark/2099.png"
"2110","CARK","Central Arkansas Bears","C Arkansas","Bears","C Arkansas","Central Arkansas","a7a9ac","8e959a","https://a.espncdn.com/i/teamlogos/ncaa/500/2110.png","https://a.espncdn.com/i/teamlogos/ncaa/500-dark/2110.png"
"2115","CCSU","Central Connecticut Blue Devils","C Connecticut","Blue Devils","C Connecticut","Central Connecticut","1B49A2","d1d5d8","https://a.espncdn.com/i/teamlogos/ncaa/500/2115.png","https://a.espncdn.com/i/teamlogos/ncaa/500-dark/2115.png"
"2117","CMU","Central Michigan Chippewas","C Michigan","Chippewas","C Michigan","Central Michigan","6a0032","ffffff","https://a.espncdn.com/i/teamlogos/ncaa/500/2117.png","https://a.espncdn.com/i/teamlogos/ncaa/500-dark/2117.png"
"232","COFC","Charleston Cougars","Charleston","Cougars","Charleston","Charleston","9c8456","e4e2dd","https://a.espncdn.com/i/teamlogos/ncaa/500/232.png","https://a.espncdn.com/i/teamlogos/ncaa/500-dark/232.png"
"2127","CHSO","Charleston Southern Buccaneers","Charleston So","Buccaneers","Charleston So","Charleston Southern","2e3192","ded090","https://a.espncdn.com/i/teamlogos/ncaa/500/2127.png","https://a.espncdn.com/i/teamlogos/ncaa/500-dark/2127.png"
"2429","CHAR","Charlotte 49ers","Charlotte","49ers","Charlotte","Charlotte","ffffff","cfab7a","https://a.espncdn.com/i/teamlogos/ncaa/500/2429.png","https://a.espncdn.com/i/teamlogos/ncaa/500-dark/2429.png"
"236","UTC","Chattanooga Mocs","Chattanooga","Mocs","Chattanooga","Chattanooga","00386b","dca71d","https://a.espncdn.com/i/teamlogos/ncaa/500/236.png","https://a.espncdn.com/i/teamlogos/ncaa/500-dark/236.png"
"2130","CHST","Chicago State Cougars","Chicago St","Cougars","Chicago St","Chicago State","006700",NA,"https://a.espncdn.com/i/teamlogos/ncaa/500/2130.png","https://a.espncdn.com/i/teamlogos/ncaa/500-dark/2130.png"
"2132","CIN","Cincinnati Bearcats","Cincinnati","Bearcats","Cincinnati","Cincinnati","000000","717073","https://a.espncdn.com/i/teamlogos/ncaa/500/2132.png","https://a.espncdn.com/i/teamlogos/ncaa/500-dark/2132.png"
"228","CLEM","Clemson Tigers","Clemson","Tigers","Clemson","Clemson","F66733","522d80","https://a.espncdn.com/i/teamlogos/ncaa/500/228.png","https://a.espncdn.com/i/teamlogos/ncaa/500-dark/228.png"
"325","CLEV","Cleveland State Vikings","Cleveland St","Vikings","Cleveland St","Cleveland State","006633","231f20","https://a.espncdn.com/i/teamlogos/ncaa/500/325.png","https://a.espncdn.com/i/teamlogos/ncaa/500-dark/325.png"
"324","CCU","Coastal Carolina Chanticleers","Coast Car","Chanticleers","Coast Car","Coastal Carolina","007073","876447","https://a.espncdn.com/i/teamlogos/ncaa/500/324.png","https://a.espncdn.com/i/teamlogos/ncaa/500-dark/324.png"
"2142","COLG","Colgate Raiders","Colgate","Raiders","Colgate","Colgate","8B011D","231f20","https://a.espncdn.com/i/teamlogos/ncaa/500/2142.png","https://a.espncdn.com/i/teamlogos/ncaa/500-dark/2142.png"
"38","COLO","Colorado Buffaloes","Colorado","Buffaloes","Colorado","Colorado","000000","cfb87c","https://a.espncdn.com/i/teamlogos/ncaa/500/38.png","https://a.espncdn.com/i/teamlogos/ncaa/500-dark/38.png"
"36","CSU","Colorado State Rams","Colorado St","Rams","Colorado St","Colorado State","004537","ffc425","https://a.espncdn.com/i/teamlogos/ncaa/500/36.png","https://a.espncdn.com/i/teamlogos/ncaa/500-dark/36.png"
"171","COLU","Columbia Lions","Columbia","Lions","Columbia","Columbia","174785","004b85","https://a.espncdn.com/i/teamlogos/ncaa/500/171.png","https://a.espncdn.com/i/teamlogos/ncaa/500-dark/171.png"
"2154","COPP","Coppin State Eagles","Coppin St","Eagles","Coppin St","Coppin State","2e3192","ffd204","https://a.espncdn.com/i/teamlogos/ncaa/500/2154.png","https://a.espncdn.com/i/teamlogos/ncaa/500-dark/2154.png"
"172","COR","Cornell Big Red","Cornell","Big Red","Cornell","Cornell","d60027","101010","https://a.espncdn.com/i/teamlogos/ncaa/500/172.png","https://a.espncdn.com/i/teamlogos/ncaa/500-dark/172.png"
"156","CREI","Creighton Bluejays","Creighton","Bluejays","Creighton","Creighton","13299e","00235d","https://a.espncdn.com/i/teamlogos/ncaa/500/156.png","https://a.espncdn.com/i/teamlogos/ncaa/500-dark/156.png"
"159","DART","Dartmouth Big Green","Dartmouth","Big Green","Dartmouth","Dartmouth","005730","000000","https://a.espncdn.com/i/teamlogos/ncaa/500/159.png","https://a.espncdn.com/i/teamlogos/ncaa/500-dark/159.png"
"2166","DAV","Davidson Wildcats","Davidson","Wildcats","Davidson","Davidson","000000","e51837","https://a.espncdn.com/i/teamlogos/ncaa/500/2166.png","https://a.espncdn.com/i/teamlogos/ncaa/500-dark/2166.png"
"2168","DAY","Dayton Flyers","Dayton","Flyers","Dayton","Dayton","004B8D","ffffff","https://a.espncdn.com/i/teamlogos/ncaa/500/2168.png","https://a.espncdn.com/i/teamlogos/ncaa/500-dark/2168.png"
"305","DEP","DePaul Blue Demons","DePaul","Blue Demons","DePaul","DePaul","2d649c","ce1125","https://a.espncdn.com/i/teamlogos/ncaa/500/305.png","https://a.espncdn.com/i/teamlogos/ncaa/500-dark/305.png"
"48","DEL","Delaware Blue Hens","Delaware","Blue Hens","Delaware","Delaware","033594","e8ce31","https://a.espncdn.com/i/teamlogos/ncaa/500/48.png","https://a.espncdn.com/i/teamlogos/ncaa/500-dark/48.png"
"2169","DSU","Delaware State Hornets","Delaware St","Hornets","Delaware St","Delaware State","FF3630","009cdd","https://a.espncdn.com/i/teamlogos/ncaa/500/2169.png","https://a.espncdn.com/i/teamlogos/ncaa/500-dark/2169.png"
"2172","DEN","Denver Pioneers","Denver","Pioneers","Denver","Denver","98002e","a8996e","https://a.espncdn.com/i/teamlogos/ncaa/500/2172.png","https://a.espncdn.com/i/teamlogos/ncaa/500-dark/2172.png"
"2174","DETM","Detroit Mercy Titans","Detroit Mercy","Titans","Detroit Mercy","Detroit Mercy","165b9e","d31733","https://a.espncdn.com/i/teamlogos/ncaa/500/2174.png","https://a.espncdn.com/i/teamlogos/ncaa/500-dark/2174.png"
"2181","DRKE","Drake Bulldogs","Drake","Bulldogs","Drake","Drake","004477","c0c0c0","https://a.espncdn.com/i/teamlogos/ncaa/500/2181.png","https://a.espncdn.com/i/teamlogos/ncaa/500-dark/2181.png"
"2182","DREX","Drexel Dragons","Drexel","Dragons","Drexel","Drexel","020260","ffd65a","https://a.espncdn.com/i/teamlogos/ncaa/500/2182.png","https://a.espncdn.com/i/teamlogos/ncaa/500-dark/2182.png"
"150","DUKE","Duke Blue Devils","Duke","Blue Devils","Duke","Duke","013088","ffffff","https://a.espncdn.com/i/teamlogos/ncaa/500/150.png","https://a.espncdn.com/i/teamlogos/ncaa/500-dark/150.png"
"2184","DUQ","Duquesne Dukes","Duquesne","Dukes","Duquesne","Duquesne","002D62","b90b2e","https://a.espncdn.com/i/teamlogos/ncaa/500/2184.png","https://a.espncdn.com/i/teamlogos/ncaa/500-dark/2184.png"
"151","ECU","East Carolina Pirates","East Carolina","Pirates","East Carolina","East Carolina","4b1869","f0907b","https://a.espncdn.com/i/teamlogos/ncaa/500/151.png","https://a.espncdn.com/i/teamlogos/ncaa/500-dark/151.png"
"2193","ETSU","East Tennessee State Buccaneers","ETSU","Buccaneers","ETSU","East Tennessee State","002d61","ffc423","https://a.espncdn.com/i/teamlogos/ncaa/500/2193.png","https://a.espncdn.com/i/teamlogos/ncaa/500-dark/2193.png"
"2197","EIU","Eastern Illinois Panthers","E Illinois","Panthers","E Illinois","Eastern Illinois","000000","bebab9","https://a.espncdn.com/i/teamlogos/ncaa/500/2197.png","https://a.espncdn.com/i/teamlogos/ncaa/500-dark/2197.png"
"2198","EKU","Eastern Kentucky Colonels","E Kentucky","Colonels","E Kentucky","Eastern Kentucky","660819","f0f0f0","https://a.espncdn.com/i/teamlogos/ncaa/500/2198.png","https://a.espncdn.com/i/teamlogos/ncaa/500-dark/2198.png"
"2199","EMU","Eastern Michigan Eagles","E Michigan","Eagles","E Michigan","Eastern Michigan","00331b","f0f0f0","https://a.espncdn.com/i/teamlogos/ncaa/500/2199.png","https://a.espncdn.com/i/teamlogos/ncaa/500-dark/2199.png"
"331","EWU","Eastern Washington Eagles","E Washington","Eagles","E Washington","Eastern Washington","a10022","abb4bc","https://a.espncdn.com/i/teamlogos/ncaa/500/331.png","https://a.espncdn.com/i/teamlogos/ncaa/500-dark/331.png"
"2210","ELON","Elon Phoenix","Elon","Phoenix","Elon","Elon","020303","b59a57","https://a.espncdn.com/i/teamlogos/ncaa/500/2210.png","https://a.espncdn.com/i/teamlogos/ncaa/500-dark/2210.png"
"339","EVAN","Evansville Purple Aces","Evansville","Purple Aces","Evansville","Evansville","663399","ef6f00","https://a.espncdn.com/i/teamlogos/ncaa/500/339.png","https://a.espncdn.com/i/teamlogos/ncaa/500-dark/339.png"
"2217","FAIR","Fairfield Stags","Fairfield","Stags","Fairfield","Fairfield","000000","ebebeb","https://a.espncdn.com/i/teamlogos/ncaa/500/2217.png","https://a.espncdn.com/i/teamlogos/ncaa/500-dark/2217.png"
"161","FDU","Fairleigh Dickinson Knights","Fair Dickinson","Knights","Fair Dickinson","Fairleigh Dickinson","28334a","ffffff","https://a.espncdn.com/i/teamlogos/ncaa/500/161.png","https://a.espncdn.com/i/teamlogos/ncaa/500-dark/161.png"
"50","FAMU","Florida A&M Rattlers","FAMU","Rattlers","FAMU","Florida A&M","F89728","00843d","https://a.espncdn.com/i/teamlogos/ncaa/500/50.png","https://a.espncdn.com/i/teamlogos/ncaa/500-dark/50.png"
"2226","FAU","Florida Atlantic Owls","FAU","Owls","FAU","Florida Atlantic","004B85","bb2f4c","https://a.espncdn.com/i/teamlogos/ncaa/500/2226.png","https://a.espncdn.com/i/teamlogos/ncaa/500-dark/2226.png"
"57","FLA","Florida Gators","Florida","Gators","Florida","Florida","0021a5","fa4616","https://a.espncdn.com/i/teamlogos/ncaa/500/57.png","https://a.espncdn.com/i/teamlogos/ncaa/500-dark/57.png"
"526","FGCU","Florida Gulf Coast Eagles","FGCU","Eagles","FGCU","Florida Gulf Coast","00885a","076c3b","https://a.espncdn.com/i/teamlogos/ncaa/500/526.png","https://a.espncdn.com/i/teamlogos/ncaa/500-dark/526.png"
"2229","FIU","Florida International Panthers","FIU","Panthers","FIU","Florida International","091731","c5960c","https://a.espncdn.com/i/teamlogos/ncaa/500/2229.png","https://a.espncdn.com/i/teamlogos/ncaa/500-dark/2229.png"
"52","FSU","Florida State Seminoles","Florida St","Seminoles","Florida St","Florida State","782F40","ceb888","https://a.espncdn.com/i/teamlogos/ncaa/500/52.png","https://a.espncdn.com/i/teamlogos/ncaa/500-dark/52.png"
"2230","FOR","Fordham Rams","Fordham","Rams","Fordham","Fordham","830032","909090","https://a.espncdn.com/i/teamlogos/ncaa/500/2230.png","https://a.espncdn.com/i/teamlogos/ncaa/500-dark/2230.png"
"278","FRES","Fresno State Bulldogs","Fresno St","Bulldogs","Fresno St","Fresno State","c41230","231f20","https://a.espncdn.com/i/teamlogos/ncaa/500/278.png","https://a.espncdn.com/i/teamlogos/ncaa/500-dark/278.png"
"231","FUR","Furman Paladins","Furman","Paladins","Furman","Furman","582c83","ffffff","https://a.espncdn.com/i/teamlogos/ncaa/500/231.png","https://a.espncdn.com/i/teamlogos/ncaa/500-dark/231.png"
"2241","WEBB","Gardner-Webb Runnin' Bulldogs","Gardner-Webb","Runnin' Bulldogs","Gardner-Webb","Gardner-Webb","c12535","909090","https://a.espncdn.com/i/teamlogos/ncaa/500/2241.png","https://a.espncdn.com/i/teamlogos/ncaa/500-dark/2241.png"
"2244","GMU","George Mason Patriots","George Mason","Patriots","George Mason","George Mason","016600","ecb010","https://a.espncdn.com/i/teamlogos/ncaa/500/2244.png","https://a.espncdn.com/i/teamlogos/ncaa/500-dark/2244.png"
"45","GW","George Washington Colonials","G Washington","Colonials","G Washington","George Washington","002843","e8d2a1","https://a.espncdn.com/i/teamlogos/ncaa/500/45.png","https://a.espncdn.com/i/teamlogos/ncaa/500-dark/45.png"
"46","GTWN","Georgetown Hoyas","Georgetown","Hoyas","Georgetown","Georgetown","110E42","001c58","https://a.espncdn.com/i/teamlogos/ncaa/500/46.png","https://a.espncdn.com/i/teamlogos/ncaa/500-dark/46.png"
"61","UGA","Georgia Bulldogs","Georgia","Bulldogs","Georgia","Georgia","CC0000","000000","https://a.espncdn.com/i/teamlogos/ncaa/500/61.png","https://a.espncdn.com/i/teamlogos/ncaa/500-dark/61.png"
"290","GASO","Georgia Southern Eagles","Georgia So","Eagles","Georgia So","Georgia Southern","003775","f0f0f0","https://a.espncdn.com/i/teamlogos/ncaa/500/290.png","https://a.espncdn.com/i/teamlogos/ncaa/500-dark/290.png"
"2247","GAST","Georgia State Panthers","Georgia St","Panthers","Georgia St","Georgia State","1e539a","ebebeb","https://a.espncdn.com/i/teamlogos/ncaa/500/2247.png","https://a.espncdn.com/i/teamlogos/ncaa/500-dark/2247.png"
"59","GT","Georgia Tech Yellow Jackets","Georgia Tech","Yellow Jackets","Georgia Tech","Georgia Tech","00223e","002c56","https://a.espncdn.com/i/teamlogos/ncaa/500/59.png","https://a.espncdn.com/i/teamlogos/ncaa/500-dark/59.png"
"2250","GONZ","Gonzaga Bulldogs","Gonzaga","Bulldogs","Gonzaga","Gonzaga","041e42","c8102e","https://a.espncdn.com/i/teamlogos/ncaa/500/2250.png","https://a.espncdn.com/i/teamlogos/ncaa/500-dark/2250.png"
"2755","GRAM","Grambling Tigers","Grambling","Tigers","Grambling","Grambling","ee8601","ffd10a","https://a.espncdn.com/i/teamlogos/ncaa/500/2755.png","https://a.espncdn.com/i/teamlogos/ncaa/500-dark/2755.png"
"2253","GCU","Grand Canyon Lopes","Grand Canyon","Lopes","Grand Canyon","Grand Canyon","522398","f0f0f0","https://a.espncdn.com/i/teamlogos/ncaa/500/2253.png","https://a.espncdn.com/i/teamlogos/ncaa/500-dark/2253.png"
"2739","GB","Green Bay Phoenix","Green Bay","Phoenix","Green Bay","Green Bay","006633","ffffff","https://a.espncdn.com/i/teamlogos/ncaa/500/2739.png","https://a.espncdn.com/i/teamlogos/ncaa/500-dark/2739.png"
"2261","HAMP","Hampton Pirates","Hampton","Pirates","Hampton","Hampton","0067AC",NA,"https://a.espncdn.com/i/teamlogos/ncaa/500/2261.png","https://a.espncdn.com/i/teamlogos/ncaa/500-dark/2261.png"
"42","HART","Hartford Hawks","Hartford","Hawks","Hartford","Hartford","d60008","000000","https://a.espncdn.com/i/teamlogos/ncaa/500/42.png","https://a.espncdn.com/i/teamlogos/ncaa/500-dark/42.png"
"108","HARV","Harvard Crimson","Harvard","Crimson","Harvard","Harvard","990000","dbdbdb","https://a.espncdn.com/i/teamlogos/ncaa/500/108.png","https://a.espncdn.com/i/teamlogos/ncaa/500-dark/108.png"
"62","HAW","Hawai'i Rainbow Warriors","Hawai'i","Rainbow Warriors","Hawai'i","Hawai'i","003420","ffffff","https://a.espncdn.com/i/teamlogos/ncaa/500/62.png","https://a.espncdn.com/i/teamlogos/ncaa/500-dark/62.png"
"2272","HP","High Point Panthers","High Point","Panthers","High Point","High Point","b0b7bc","ebebeb","https://a.espncdn.com/i/teamlogos/ncaa/500/2272.png","https://a.espncdn.com/i/teamlogos/ncaa/500-dark/2272.png"
"2275","HOF","Hofstra Pride","Hofstra","Pride","Hofstra","Hofstra","00337c","f6c934","https://a.espncdn.com/i/teamlogos/ncaa/500/2275.png","https://a.espncdn.com/i/teamlogos/ncaa/500-dark/2275.png"
"107","HC","Holy Cross Crusaders","Holy Cross","Crusaders","Holy Cross","Holy Cross","0a0a0a","080808","https://a.espncdn.com/i/teamlogos/ncaa/500/107.png","https://a.espncdn.com/i/teamlogos/ncaa/500-dark/107.png"
"2277","HCU","Houston Christian Huskies","Hou Christian","Huskies","Hou Christian","Houston Christian","00539c",NA,"https://a.espncdn.com/i/teamlogos/ncaa/500/2277.png","https://a.espncdn.com/i/teamlogos/ncaa/500-dark/2277.png"
"248","HOU","Houston Cougars","Houston","Cougars","Houston","Houston","c92a39","ffffff","https://a.espncdn.com/i/teamlogos/ncaa/500/248.png","https://a.espncdn.com/i/teamlogos/ncaa/500-dark/248.png"
"47","HOW","Howard Bison","Howard","Bison","Howard","Howard","003a63","e51937","https://a.espncdn.com/i/teamlogos/ncaa/500/47.png","https://a.espncdn.com/i/teamlogos/ncaa/500-dark/47.png"
"85","IUPU","IUPUI Jaguars","IUPUI","Jaguars","IUPUI","IUPUI","A81F30","d59f0f","https://a.espncdn.com/i/teamlogos/ncaa/500/85.png","https://a.espncdn.com/i/teamlogos/ncaa/500-dark/85.png"
"304","IDST","Idaho State Bengals","Idaho St","Bengals","Idaho St","Idaho State","ef8c00","e9a126","https://a.espncdn.com/i/teamlogos/ncaa/500/304.png","https://a.espncdn.com/i/teamlogos/ncaa/500-dark/304.png"
"70","IDHO","Idaho Vandals","Idaho","Vandals","Idaho","Idaho","000000","8c6e4a","https://a.espncdn.com/i/teamlogos/ncaa/500/70.png","https://a.espncdn.com/i/teamlogos/ncaa/500-dark/70.png"
"356","ILL","Illinois Fighting Illini","Illinois","Fighting Illini","Illinois","Illinois","ff5f05","13294b","https://a.espncdn.com/i/teamlogos/ncaa/500/356.png","https://a.espncdn.com/i/teamlogos/ncaa/500-dark/356.png"
"2287","ILST","Illinois State Redbirds","Illinois St","Redbirds","Illinois St","Illinois State","CE1126","ffe716","https://a.espncdn.com/i/teamlogos/ncaa/500/2287.png","https://a.espncdn.com/i/teamlogos/ncaa/500-dark/2287.png"
"2916","UIW","Incarnate Word Cardinals","Incarnate Word","Cardinals","Incarnate Word","Incarnate Word","000000","080808","https://a.espncdn.com/i/teamlogos/ncaa/500/2916.png","https://a.espncdn.com/i/teamlogos/ncaa/500-dark/2916.png"
"84","IU","Indiana Hoosiers","Indiana","Hoosiers","Indiana","Indiana","990000","edebeb","https://a.espncdn.com/i/teamlogos/ncaa/500/84.png","https://a.espncdn.com/i/teamlogos/ncaa/500-dark/84.png"
"282","INST","Indiana State Sycamores","Indiana St","Sycamores","Indiana St","Indiana State","00669a","f0f0f0","https://a.espncdn.com/i/teamlogos/ncaa/500/282.png","https://a.espncdn.com/i/teamlogos/ncaa/500-dark/282.png"
"314","IONA","Iona Gaels","Iona","Gaels","Iona","Iona","6f2c3e","f0ab00","https://a.espncdn.com/i/teamlogos/ncaa/500/314.png","https://a.espncdn.com/i/teamlogos/ncaa/500-dark/314.png"
"2294","IOWA","Iowa Hawkeyes","Iowa","Hawkeyes","Iowa","Iowa","000000","fcd116","https://a.espncdn.com/i/teamlogos/ncaa/500/2294.png","https://a.espncdn.com/i/teamlogos/ncaa/500-dark/2294.png"
"66","ISU","Iowa State Cyclones","Iowa State","Cyclones","Iowa State","Iowa State","822433","fdca2f","https://a.espncdn.com/i/teamlogos/ncaa/500/66.png","https://a.espncdn.com/i/teamlogos/ncaa/500-dark/66.png"
"2296","JKST","Jackson State Tigers","Jackson St","Tigers","Jackson St","Jackson State","123297","b5b7ba","https://a.espncdn.com/i/teamlogos/ncaa/500/2296.png","https://a.espncdn.com/i/teamlogos/ncaa/500-dark/2296.png"
"294","JAX","Jacksonville Dolphins","Jacksonville","Dolphins","Jacksonville","Jacksonville","00523e",NA,"https://a.espncdn.com/i/teamlogos/ncaa/500/294.png","https://a.espncdn.com/i/teamlogos/ncaa/500-dark/294.png"
"55","JVST","Jacksonville State Gamecocks","J'Ville St","Gamecocks","J'Ville St","Jacksonville State","b50500","b5b7ba","https://a.espncdn.com/i/teamlogos/ncaa/500/55.png","https://a.espncdn.com/i/teamlogos/ncaa/500-dark/55.png"
"256","JMU","James Madison Dukes","James Madison","Dukes","James Madison","James Madison","450084","cbb778","https://a.espncdn.com/i/teamlogos/ncaa/500/256.png","https://a.espncdn.com/i/teamlogos/ncaa/500-dark/256.png"
"140","KC","Kansas City Roos","Kansas City","Roos","Kansas City","Kansas City","004b87","ffc72c","https://a.espncdn.com/i/teamlogos/ncaa/500/140.png","https://a.espncdn.com/i/teamlogos/ncaa/500-dark/140.png"
"2305","KU","Kansas Jayhawks","Kansas","Jayhawks","Kansas","Kansas","0051ba","e8000d","https://a.espncdn.com/i/teamlogos/ncaa/500/2305.png","https://a.espncdn.com/i/teamlogos/ncaa/500-dark/2305.png"
"2306","KSU","Kansas State Wildcats","Kansas St","Wildcats","Kansas St","Kansas State","633194","e7d2ad","https://a.espncdn.com/i/teamlogos/ncaa/500/2306.png","https://a.espncdn.com/i/teamlogos/ncaa/500-dark/2306.png"
"338","KENN","Kennesaw State Owls","Kennesaw St","Owls","Kennesaw St","Kennesaw State","000000","fdbb30","https://a.espncdn.com/i/teamlogos/ncaa/500/338.png","https://a.espncdn.com/i/teamlogos/ncaa/500-dark/338.png"
"2309","KENT","Kent State Golden Flashes","Kent State","Golden Flashes","Kent State","Kent State","002445","f0b510","https://a.espncdn.com/i/teamlogos/ncaa/500/2309.png","https://a.espncdn.com/i/teamlogos/ncaa/500-dark/2309.png"
"96","UK","Kentucky Wildcats","Kentucky","Wildcats","Kentucky","Kentucky","005DAA","ffffff","https://a.espncdn.com/i/teamlogos/ncaa/500/96.png","https://a.espncdn.com/i/teamlogos/ncaa/500-dark/96.png"
"99","LSU","LSU Tigers","LSU","Tigers","LSU","LSU","461d7c","fdd023","https://a.espncdn.com/i/teamlogos/ncaa/500/99.png","https://a.espncdn.com/i/teamlogos/ncaa/500-dark/99.png"
"2325","LAS","La Salle Explorers","La Salle","Explorers","La Salle","La Salle","003356","ffce00","https://a.espncdn.com/i/teamlogos/ncaa/500/2325.png","https://a.espncdn.com/i/teamlogos/ncaa/500-dark/2325.png"
"322","LAF","Lafayette Leopards","Lafayette","Leopards","Lafayette","Lafayette","790000","a59474","https://a.espncdn.com/i/teamlogos/ncaa/500/322.png","https://a.espncdn.com/i/teamlogos/ncaa/500-dark/322.png"
"2320","LAM","Lamar Cardinals","Lamar","Cardinals","Lamar","Lamar","000000","ebebeb","https://a.espncdn.com/i/teamlogos/ncaa/500/2320.png","https://a.espncdn.com/i/teamlogos/ncaa/500-dark/2320.png"
"2329","LEH","Lehigh Mountain Hawks","Lehigh","Mountain Hawks","Lehigh","Lehigh","6c2b2a","b69e70","https://a.espncdn.com/i/teamlogos/ncaa/500/2329.png","https://a.espncdn.com/i/teamlogos/ncaa/500-dark/2329.png"
"2335","LIB","Liberty Flames","Liberty","Flames","Liberty","Liberty","071740","a61f21","https://a.espncdn.com/i/teamlogos/ncaa/500/2335.png","https://a.espncdn.com/i/teamlogos/ncaa/500-dark/2335.png"
"288","LIP","Lipscomb Bisons","Lipscomb","Bisons","Lipscomb","Lipscomb","20366C","f6b734","https://a.espncdn.com/i/teamlogos/ncaa/500/288.png","https://a.espncdn.com/i/teamlogos/ncaa/500-dark/288.png"
"2031","LR","Little Rock Trojans","Little Rock","Trojans","Little Rock","Little Rock","AD0000","898d8f","https://a.espncdn.com/i/teamlogos/ncaa/500/2031.png","https://a.espncdn.com/i/teamlogos/ncaa/500-dark/2031.png"
"299","LBSU","Long Beach State Beach","Long Beach St","Beach","Long Beach St","Long Beach State","000000","f1f2f3","https://a.espncdn.com/i/teamlogos/ncaa/500/299.png","https://a.espncdn.com/i/teamlogos/ncaa/500-dark/299.png"
"112358","LIU","Long Island University Sharks","Long Island","Sharks","Long Island","Long Island University","50c9f7","ffbf00","https://a.espncdn.com/i/teamlogos/ncaa/500/112358.png","https://a.espncdn.com/i/teamlogos/ncaa/500-dark/112358.png"
"2344","LONG","Longwood Lancers","Longwood","Lancers","Longwood","Longwood","003273","9ea2a3","https://a.espncdn.com/i/teamlogos/ncaa/500/2344.png","https://a.espncdn.com/i/teamlogos/ncaa/500-dark/2344.png"
"309","UL","Louisiana Ragin' Cajuns","Louisiana","Ragin' Cajuns","Louisiana","Louisiana","ce2842",NA,"https://a.espncdn.com/i/teamlogos/ncaa/500/309.png","https://a.espncdn.com/i/teamlogos/ncaa/500-dark/309.png"
"2348","LT","Louisiana Tech Bulldogs","Louisiana Tech","Bulldogs","Louisiana Tech","Louisiana Tech","002d65","d3313a","https://a.espncdn.com/i/teamlogos/ncaa/500/2348.png","https://a.espncdn.com/i/teamlogos/ncaa/500-dark/2348.png"
"97","LOU","Louisville Cardinals","Louisville","Cardinals","Louisville","Louisville","c9001f","000000","https://a.espncdn.com/i/teamlogos/ncaa/500/97.png","https://a.espncdn.com/i/teamlogos/ncaa/500-dark/97.png"
"2350","LUC","Loyola Chicago Ramblers","Loyola Chicago","Ramblers","Loyola Chicago","Loyola Chicago","9d1244",NA,"https://a.espncdn.com/i/teamlogos/ncaa/500/2350.png","https://a.espncdn.com/i/teamlogos/ncaa/500-dark/2350.png"
"2352","L-MD","Loyola Maryland Greyhounds","Loyola MD","Greyhounds","Loyola MD","Loyola Maryland","76a7a0","c9cbca","https://a.espncdn.com/i/teamlogos/ncaa/500/2352.png","https://a.espncdn.com/i/teamlogos/ncaa/500-dark/2352.png"
"2351","LMU","Loyola Marymount Lions","LMU","Lions","LMU","Loyola Marymount","880029","00345b","https://a.espncdn.com/i/teamlogos/ncaa/500/2351.png","https://a.espncdn.com/i/teamlogos/ncaa/500-dark/2351.png"
"311","ME","Maine Black Bears","Maine","Black Bears","Maine","Maine","127dbe",NA,"https://a.espncdn.com/i/teamlogos/ncaa/500/311.png","https://a.espncdn.com/i/teamlogos/ncaa/500-dark/311.png"
"2363","MAN","Manhattan Jaspers","Manhattan","Jaspers","Manhattan","Manhattan","4f8537","b5b7ba","https://a.espncdn.com/i/teamlogos/ncaa/500/2363.png","https://a.espncdn.com/i/teamlogos/ncaa/500-dark/2363.png"
"2368","MRST","Marist Red Foxes","Marist","Red Foxes","Marist","Marist","e53730","f0f0f0","https://a.espncdn.com/i/teamlogos/ncaa/500/2368.png","https://a.espncdn.com/i/teamlogos/ncaa/500-dark/2368.png"
"269","MARQ","Marquette Golden Eagles","Marquette","Golden Eagles","Marquette","Marquette","083963","ffffff","https://a.espncdn.com/i/teamlogos/ncaa/500/269.png","https://a.espncdn.com/i/teamlogos/ncaa/500-dark/269.png"
"276","MRSH","Marshall Thundering Herd","Marshall","Thundering Herd","Marshall","Marshall","00ae42","be854c","https://a.espncdn.com/i/teamlogos/ncaa/500/276.png","https://a.espncdn.com/i/teamlogos/ncaa/500-dark/276.png"
"120","MD","Maryland Terrapins","Maryland","Terrapins","Maryland","Maryland","D5002B","ffcd00","https://a.espncdn.com/i/teamlogos/ncaa/500/120.png","https://a.espncdn.com/i/teamlogos/ncaa/500-dark/120.png"
"2379","UMES","Maryland-Eastern Shore Hawks","MD-Eastern","Hawks","MD-Eastern","Maryland-Eastern Shore","5c2301","b5b7ba","https://a.espncdn.com/i/teamlogos/ncaa/500/2379.png","https://a.espncdn.com/i/teamlogos/ncaa/500-dark/2379.png"
"2377","MCN","McNeese Cowboys","McNeese","Cowboys","McNeese","McNeese","00529C",NA,"https://a.espncdn.com/i/teamlogos/ncaa/500/2377.png","https://a.espncdn.com/i/teamlogos/ncaa/500-dark/2377.png"
"235","MEM","Memphis Tigers","Memphis","Tigers","Memphis","Memphis","004991","8e908f","https://a.espncdn.com/i/teamlogos/ncaa/500/235.png","https://a.espncdn.com/i/teamlogos/ncaa/500-dark/235.png"
"2382","MER","Mercer Bears","Mercer","Bears","Mercer","Mercer","ff7f29","080808","https://a.espncdn.com/i/teamlogos/ncaa/500/2382.png","https://a.espncdn.com/i/teamlogos/ncaa/500-dark/2382.png"
"2771","MRMK","Merrimack Warriors","Merrimack","Warriors","Merrimack","Merrimack","2f4f93","e8c535","https://a.espncdn.com/i/teamlogos/ncaa/500/2771.png","https://a.espncdn.com/i/teamlogos/ncaa/500-dark/2771.png"
"193","M-OH","Miami (OH) Redhawks","Miami OH","Redhawks","Miami OH","Miami (OH)","a4000c","f0f0f0","https://a.espncdn.com/i/teamlogos/ncaa/500/193.png","https://a.espncdn.com/i/teamlogos/ncaa/500-dark/193.png"
"2390","MIA","Miami Hurricanes","Miami","Hurricanes","Miami","Miami","004325","f0f0f0","https://a.espncdn.com/i/teamlogos/ncaa/500/2390.png","https://a.espncdn.com/i/teamlogos/ncaa/500-dark/2390.png"
"127","MSU","Michigan State Spartans","Michigan St","Spartans","Michigan St","Michigan State","18453B","ffffff","https://a.espncdn.com/i/teamlogos/ncaa/500/127.png","https://a.espncdn.com/i/teamlogos/ncaa/500-dark/127.png"
"130","MICH","Michigan Wolverines","Michigan","Wolverines","Michigan","Michigan","00274c","ffcb05","https://a.espncdn.com/i/teamlogos/ncaa/500/130.png","https://a.espncdn.com/i/teamlogos/ncaa/500-dark/130.png"
"2393","MTSU","Middle Tennessee Blue Raiders","MTSU","Blue Raiders","MTSU","Middle Tennessee","006db6","ffffff","https://a.espncdn.com/i/teamlogos/ncaa/500/2393.png","https://a.espncdn.com/i/teamlogos/ncaa/500-dark/2393.png"
"270","MILW","Milwaukee Panthers","Milwaukee","Panthers","Milwaukee","Milwaukee","000000","ffc20e","https://a.espncdn.com/i/teamlogos/ncaa/500/270.png","https://a.espncdn.com/i/teamlogos/ncaa/500-dark/270.png"
"135","MINN","Minnesota Golden Gophers","Minnesota","Golden Gophers","Minnesota","Minnesota","981a31","981a31","https://a.espncdn.com/i/teamlogos/ncaa/500/135.png","https://a.espncdn.com/i/teamlogos/ncaa/500-dark/135.png"
"344","MSST","Mississippi State Bulldogs","Mississippi St","Bulldogs","Mississippi St","Mississippi State","762123","c8c8c8","https://a.espncdn.com/i/teamlogos/ncaa/500/344.png","https://a.espncdn.com/i/teamlogos/ncaa/500-dark/344.png"
"2400","MVSU","Mississippi Valley State Delta Devils","Miss Valley St","Delta Devils","Miss Valley St","Mississippi Valley State","005328","cf2d34","https://a.espncdn.com/i/teamlogos/ncaa/500/2400.png","https://a.espncdn.com/i/teamlogos/ncaa/500-dark/2400.png"
"2623","MOST","Missouri State Bears","Missouri St","Bears","Missouri St","Missouri State","5F0000","e8e8e8","https://a.espncdn.com/i/teamlogos/ncaa/500/2623.png","https://a.espncdn.com/i/teamlogos/ncaa/500-dark/2623.png"
"142","MIZ","Missouri Tigers","Missouri","Tigers","Missouri","Missouri","f1b82d","000000","https://a.espncdn.com/i/teamlogos/ncaa/500/142.png","https://a.espncdn.com/i/teamlogos/ncaa/500-dark/142.png"
"2405","MONM","Monmouth Hawks","Monmouth","Hawks","Monmouth","Monmouth","051844",NA,"https://a.espncdn.com/i/teamlogos/ncaa/500/2405.png","https://a.espncdn.com/i/teamlogos/ncaa/500-dark/2405.png"
"149","MONT","Montana Grizzlies","Montana","Grizzlies","Montana","Montana","751D4A","666666","https://a.espncdn.com/i/teamlogos/ncaa/500/149.png","https://a.espncdn.com/i/teamlogos/ncaa/500-dark/149.png"
"147","MTST","Montana State Bobcats","Montana St","Bobcats","Montana St","Montana State","00205c","bc955c","https://a.espncdn.com/i/teamlogos/ncaa/500/147.png","https://a.espncdn.com/i/teamlogos/ncaa/500-dark/147.png"
"2413","MORE","Morehead State Eagles","Morehead St","Eagles","Morehead St","Morehead State","094FA3","fed91a","https://a.espncdn.com/i/teamlogos/ncaa/500/2413.png","https://a.espncdn.com/i/teamlogos/ncaa/500-dark/2413.png"
"2415","MORG","Morgan State Bears","Morgan St","Bears","Morgan St","Morgan State","014786","f47937","https://a.espncdn.com/i/teamlogos/ncaa/500/2415.png","https://a.espncdn.com/i/teamlogos/ncaa/500-dark/2415.png"
"116","MSM","Mount St. Mary's Mountaineers","Mount St Mary","Mountaineers","Mount St Mary","Mount St. Mary's","005596","ebebeb","https://a.espncdn.com/i/teamlogos/ncaa/500/116.png","https://a.espncdn.com/i/teamlogos/ncaa/500-dark/116.png"
"93","MUR","Murray State Racers","Murray St","Racers","Murray St","Murray State","002148","000e00","https://a.espncdn.com/i/teamlogos/ncaa/500/93.png","https://a.espncdn.com/i/teamlogos/ncaa/500-dark/93.png"
"152","NCST","NC State Wolfpack","NC State","Wolfpack","NC State","NC State","EF1216","231f20","https://a.espncdn.com/i/teamlogos/ncaa/500/152.png","https://a.espncdn.com/i/teamlogos/ncaa/500-dark/152.png"
"2885","NJIT","NJIT Highlanders","NJIT","Highlanders","NJIT","NJIT","EE3024","df3e2e","https://a.espncdn.com/i/teamlogos/ncaa/500/2885.png","https://a.espncdn.com/i/teamlogos/ncaa/500-dark/2885.png"
"2426","NAVY","Navy Midshipmen","Navy","Midshipmen","Navy","Navy","131630","b6a77c","https://a.espncdn.com/i/teamlogos/ncaa/500/2426.png","https://a.espncdn.com/i/teamlogos/ncaa/500-dark/2426.png"
"158","NEB","Nebraska Cornhuskers","Nebraska","Cornhuskers","Nebraska","Nebraska","F20017","f5f1e7","https://a.espncdn.com/i/teamlogos/ncaa/500/158.png","https://a.espncdn.com/i/teamlogos/ncaa/500-dark/158.png"
"2440","NEV","Nevada Wolf Pack","Nevada","Wolf Pack","Nevada","Nevada","153E5F","8e9295","https://a.espncdn.com/i/teamlogos/ncaa/500/2440.png","https://a.espncdn.com/i/teamlogos/ncaa/500-dark/2440.png"
"160","UNH","New Hampshire Wildcats","New Hampshire","Wildcats","New Hampshire","New Hampshire","004990","c3c4c6","https://a.espncdn.com/i/teamlogos/ncaa/500/160.png","https://a.espncdn.com/i/teamlogos/ncaa/500-dark/160.png"
"167","UNM","New Mexico Lobos","New Mexico","Lobos","New Mexico","New Mexico","000000","231f20","https://a.espncdn.com/i/teamlogos/ncaa/500/167.png","https://a.espncdn.com/i/teamlogos/ncaa/500-dark/167.png"
"166","NMSU","New Mexico State Aggies","New Mexico St","Aggies","New Mexico St","New Mexico State","891216","000000","https://a.espncdn.com/i/teamlogos/ncaa/500/166.png","https://a.espncdn.com/i/teamlogos/ncaa/500-dark/166.png"
"2443","UNO","New Orleans Privateers","New Orleans","Privateers","New Orleans","New Orleans","005da6","a2a9ae","https://a.espncdn.com/i/teamlogos/ncaa/500/2443.png","https://a.espncdn.com/i/teamlogos/ncaa/500-dark/2443.png"
"315","NIA","Niagara Purple Eagles","Niagara","Purple Eagles","Niagara","Niagara","69207E","f0f0f0","https://a.espncdn.com/i/teamlogos/ncaa/500/315.png","https://a.espncdn.com/i/teamlogos/ncaa/500-dark/315.png"
"2447","NICH","Nicholls Colonels","Nicholls","Colonels","Nicholls","Nicholls","C41230","f0f0f0","https://a.espncdn.com/i/teamlogos/ncaa/500/2447.png","https://a.espncdn.com/i/teamlogos/ncaa/500-dark/2447.png"
"2450","NORF","Norfolk State Spartans","Norfolk St","Spartans","Norfolk St","Norfolk State","046546",NA,"https://a.espncdn.com/i/teamlogos/ncaa/500/2450.png","https://a.espncdn.com/i/teamlogos/ncaa/500-dark/2450.png"
"2453","UNA","North Alabama Lions","North Alabama","Lions","North Alabama","North Alabama","663399",NA,"https://a.espncdn.com/i/teamlogos/ncaa/500/2453.png","https://a.espncdn.com/i/teamlogos/ncaa/500-dark/2453.png"
"2448","NCAT","North Carolina A&T Aggies","NC A&T","Aggies","NC A&T","North Carolina A&T","0505aa","004684","https://a.espncdn.com/i/teamlogos/ncaa/500/2448.png","https://a.espncdn.com/i/teamlogos/ncaa/500-dark/2448.png"
"2428","NCCU","North Carolina Central Eagles","NC Central","Eagles","NC Central","North Carolina Central","880023","c2c3c0","https://a.espncdn.com/i/teamlogos/ncaa/500/2428.png","https://a.espncdn.com/i/teamlogos/ncaa/500-dark/2428.png"
"153","UNC","North Carolina Tar Heels","North Carolina","Tar Heels","North Carolina","North Carolina","7bafd4","13294b","https://a.espncdn.com/i/teamlogos/ncaa/500/153.png","https://a.espncdn.com/i/teamlogos/ncaa/500-dark/153.png"
"155","UND","North Dakota Fighting Hawks","North Dakota","Fighting Hawks","North Dakota","North Dakota","00A26B","c2c3c0","https://a.espncdn.com/i/teamlogos/ncaa/500/155.png","https://a.espncdn.com/i/teamlogos/ncaa/500-dark/155.png"
"2449","NDSU","North Dakota State Bison","N Dakota St","Bison","N Dakota St","North Dakota State","01402A","ffffff","https://a.espncdn.com/i/teamlogos/ncaa/500/2449.png","https://a.espncdn.com/i/teamlogos/ncaa/500-dark/2449.png"
"2454","UNF","North Florida Ospreys","North Florida","Ospreys","North Florida","North Florida","004B8D","babcbe","https://a.espncdn.com/i/teamlogos/ncaa/500/2454.png","https://a.espncdn.com/i/teamlogos/ncaa/500-dark/2454.png"
"249","UNT","North Texas Mean Green","North Texas","Mean Green","North Texas","North Texas","00853D","000000","https://a.espncdn.com/i/teamlogos/ncaa/500/249.png","https://a.espncdn.com/i/teamlogos/ncaa/500-dark/249.png"
"111","NE","Northeastern Huskies","Northeastern","Huskies","Northeastern","Northeastern","CC0001","c2c3c0","https://a.espncdn.com/i/teamlogos/ncaa/500/111.png","https://a.espncdn.com/i/teamlogos/ncaa/500-dark/111.png"
"2464","NAU","Northern Arizona Lumberjacks","N Arizona","Lumberjacks","N Arizona","Northern Arizona","003976","1b3069","https://a.espncdn.com/i/teamlogos/ncaa/500/2464.png","https://a.espncdn.com/i/teamlogos/ncaa/500-dark/2464.png"
"2458","UNCO","Northern Colorado Bears","N Colorado","Bears","N Colorado","Northern Colorado","13558D","ffc533","https://a.espncdn.com/i/teamlogos/ncaa/500/2458.png","https://a.espncdn.com/i/teamlogos/ncaa/500-dark/2458.png"
"2459","NIU","Northern Illinois Huskies","N Illinois","Huskies","N Illinois","Northern Illinois","F1122C","cc0000","https://a.espncdn.com/i/teamlogos/ncaa/500/2459.png","https://a.espncdn.com/i/teamlogos/ncaa/500-dark/2459.png"
"2460","UNI","Northern Iowa Panthers","Northern Iowa","Panthers","Northern Iowa","Northern Iowa","473282","ffffff","https://a.espncdn.com/i/teamlogos/ncaa/500/2460.png","https://a.espncdn.com/i/teamlogos/ncaa/500-dark/2460.png"
"94","NKU","Northern Kentucky Norse","N Kentucky","Norse","N Kentucky","Northern Kentucky","ffc82e","000000","https://a.espncdn.com/i/teamlogos/ncaa/500/94.png","https://a.espncdn.com/i/teamlogos/ncaa/500-dark/94.png"
"2466","NWST","Northwestern State Demons","N'Western St","Demons","N'Western St","Northwestern State","492F91","ed6118","https://a.espncdn.com/i/teamlogos/ncaa/500/2466.png","https://a.espncdn.com/i/teamlogos/ncaa/500-dark/2466.png"
"77","NU","Northwestern Wildcats","Northwestern","Wildcats","Northwestern","Northwestern","582c83","ffffff","https://a.espncdn.com/i/teamlogos/ncaa/500/77.png","https://a.espncdn.com/i/teamlogos/ncaa/500-dark/77.png"
"87","ND","Notre Dame Fighting Irish","Notre Dame","Fighting Irish","Notre Dame","Notre Dame","0c2340","c99700","https://a.espncdn.com/i/teamlogos/ncaa/500/87.png","https://a.espncdn.com/i/teamlogos/ncaa/500-dark/87.png"
"2473","OAK","Oakland Golden Grizzlies","Oakland","Golden Grizzlies","Oakland","Oakland","04091c","bc955c","https://a.espncdn.com/i/teamlogos/ncaa/500/2473.png","https://a.espncdn.com/i/teamlogos/ncaa/500-dark/2473.png"
"195","OHIO","Ohio Bobcats","Ohio","Bobcats","Ohio","Ohio","295A29","e4bb85","https://a.espncdn.com/i/teamlogos/ncaa/500/195.png","https://a.espncdn.com/i/teamlogos/ncaa/500-dark/195.png"
"194","OSU","Ohio State Buckeyes","Ohio State","Buckeyes","Ohio State","Ohio State","ce1141","505056","https://a.espncdn.com/i/teamlogos/ncaa/500/194.png","https://a.espncdn.com/i/teamlogos/ncaa/500-dark/194.png"
"201","OU","Oklahoma Sooners","Oklahoma","Sooners","Oklahoma","Oklahoma","9d2235","ffffff","https://a.espncdn.com/i/teamlogos/ncaa/500/201.png","https://a.espncdn.com/i/teamlogos/ncaa/500-dark/201.png"
"197","OKST","Oklahoma State Cowboys","Oklahoma St","Cowboys","Oklahoma St","Oklahoma State","ff6500","000000","https://a.espncdn.com/i/teamlogos/ncaa/500/197.png","https://a.espncdn.com/i/teamlogos/ncaa/500-dark/197.png"
"295","ODU","Old Dominion Monarchs","Old Dominion","Monarchs","Old Dominion","Old Dominion","00507d","a1d2f1","https://a.espncdn.com/i/teamlogos/ncaa/500/295.png","https://a.espncdn.com/i/teamlogos/ncaa/500-dark/295.png"
"145","MISS","Ole Miss Rebels","Ole Miss","Rebels","Ole Miss","Ole Miss","001148","00205b","https://a.espncdn.com/i/teamlogos/ncaa/500/145.png","https://a.espncdn.com/i/teamlogos/ncaa/500-dark/145.png"
"2437","OMA","Omaha Mavericks","Omaha","Mavericks","Omaha","Omaha","e3193e",NA,"https://a.espncdn.com/i/teamlogos/ncaa/500/2437.png","https://a.espncdn.com/i/teamlogos/ncaa/500-dark/2437.png"
"198","ORU","Oral Roberts Golden Eagles","Oral Roberts","Golden Eagles","Oral Roberts","Oral Roberts","002462","dac792","https://a.espncdn.com/i/teamlogos/ncaa/500/198.png","https://a.espncdn.com/i/teamlogos/ncaa/500-dark/198.png"
"2483","ORE","Oregon Ducks","Oregon","Ducks","Oregon","Oregon","044520","fee123","https://a.espncdn.com/i/teamlogos/ncaa/500/2483.png","https://a.espncdn.com/i/teamlogos/ncaa/500-dark/2483.png"
"204","ORST","Oregon State Beavers","Oregon St","Beavers","Oregon St","Oregon State","d73f09","000000","https://a.espncdn.com/i/teamlogos/ncaa/500/204.png","https://a.espncdn.com/i/teamlogos/ncaa/500-dark/204.png"
"279","PAC","Pacific Tigers","Pacific","Tigers","Pacific","Pacific","F47820","c2c3c0","https://a.espncdn.com/i/teamlogos/ncaa/500/279.png","https://a.espncdn.com/i/teamlogos/ncaa/500-dark/279.png"
"213","PSU","Penn State Nittany Lions","Penn State","Nittany Lions","Penn State","Penn State","00265D","002e5c","https://a.espncdn.com/i/teamlogos/ncaa/500/213.png","https://a.espncdn.com/i/teamlogos/ncaa/500-dark/213.png"
"219","PENN","Pennsylvania Quakers","Penn","Quakers","Penn","Pennsylvania","082A74","a6163d","https://a.espncdn.com/i/teamlogos/ncaa/500/219.png","https://a.espncdn.com/i/teamlogos/ncaa/500-dark/219.png"
"2492","PEPP","Pepperdine Waves","Pepperdine","Waves","Pepperdine","Pepperdine","003A72","dc762f","https://a.espncdn.com/i/teamlogos/ncaa/500/2492.png","https://a.espncdn.com/i/teamlogos/ncaa/500-dark/2492.png"
"221","PITT","Pittsburgh Panthers","Pitt","Panthers","Pitt","Pittsburgh","003263","231f20","https://a.espncdn.com/i/teamlogos/ncaa/500/221.png","https://a.espncdn.com/i/teamlogos/ncaa/500-dark/221.png"
"2501","PORT","Portland Pilots","Portland","Pilots","Portland","Portland","330072","a8b3ba","https://a.espncdn.com/i/teamlogos/ncaa/500/2501.png","https://a.espncdn.com/i/teamlogos/ncaa/500-dark/2501.png"
"2502","PRST","Portland State Vikings","Portland St","Vikings","Portland St","Portland State","00311e","ebebeb","https://a.espncdn.com/i/teamlogos/ncaa/500/2502.png","https://a.espncdn.com/i/teamlogos/ncaa/500-dark/2502.png"
"2504","PV","Prairie View A&M Panthers","Prairie View","Panthers","Prairie View","Prairie View A&M","4d0960",NA,"https://a.espncdn.com/i/teamlogos/ncaa/500/2504.png","https://a.espncdn.com/i/teamlogos/ncaa/500-dark/2504.png"
"2506","PRE","Presbyterian Blue Hose","Presbyterian","Blue Hose","Presbyterian","Presbyterian","194896","990134","https://a.espncdn.com/i/teamlogos/ncaa/500/2506.png","https://a.espncdn.com/i/teamlogos/ncaa/500-dark/2506.png"
"163","PRIN","Princeton Tigers","Princeton","Tigers","Princeton","Princeton","ff9408","080808","https://a.espncdn.com/i/teamlogos/ncaa/500/163.png","https://a.espncdn.com/i/teamlogos/ncaa/500-dark/163.png"
"2507","PROV","Providence Friars","Providence","Friars","Providence","Providence","000000","a3a19e","https://a.espncdn.com/i/teamlogos/ncaa/500/2507.png","https://a.espncdn.com/i/teamlogos/ncaa/500-dark/2507.png"
"2509","PUR","Purdue Boilermakers","Purdue","Boilermakers","Purdue","Purdue","000000","cfb991","https://a.espncdn.com/i/teamlogos/ncaa/500/2509.png","https://a.espncdn.com/i/teamlogos/ncaa/500-dark/2509.png"
"2870","PFW","Purdue Fort Wayne Mastodons","Purdue FW","Mastodons","Purdue FW","Purdue Fort Wayne","00378A","f0f0f0","https://a.espncdn.com/i/teamlogos/ncaa/500/2870.png","https://a.espncdn.com/i/teamlogos/ncaa/500-dark/2870.png"
"2514","QUIN","Quinnipiac Bobcats","Quinnipiac","Bobcats","Quinnipiac","Quinnipiac","041B43",NA,"https://a.espncdn.com/i/teamlogos/ncaa/500/2514.png","https://a.espncdn.com/i/teamlogos/ncaa/500-dark/2514.png"
"2515","RAD","Radford Highlanders","Radford","Highlanders","Radford","Radford","BC1515","c2c3c0","https://a.espncdn.com/i/teamlogos/ncaa/500/2515.png","https://a.espncdn.com/i/teamlogos/ncaa/500-dark/2515.png"
"227","URI","Rhode Island Rams","Rhode Island","Rams","Rhode Island","Rhode Island","091f3f","5ab3e8","https://a.espncdn.com/i/teamlogos/ncaa/500/227.png","https://a.espncdn.com/i/teamlogos/ncaa/500-dark/227.png"
"242","RICE","Rice Owls","Rice","Owls","Rice","Rice","d1d5d8","003d7d","https://a.espncdn.com/i/teamlogos/ncaa/500/242.png","https://a.espncdn.com/i/teamlogos/ncaa/500-dark/242.png"
"257","RICH","Richmond Spiders","Richmond","Spiders","Richmond","Richmond","9e0712","b90b2e","https://a.espncdn.com/i/teamlogos/ncaa/500/257.png","https://a.espncdn.com/i/teamlogos/ncaa/500-dark/257.png"
"2520","RID","Rider Broncs","Rider","Broncs","Rider","Rider","a80532","ebebeb","https://a.espncdn.com/i/teamlogos/ncaa/500/2520.png","https://a.espncdn.com/i/teamlogos/ncaa/500-dark/2520.png"
"2523","RMU","Robert Morris Colonials","Robert Morris","Colonials","Robert Morris","Robert Morris","00214D","a21d2b","https://a.espncdn.com/i/teamlogos/ncaa/500/2523.png","https://a.espncdn.com/i/teamlogos/ncaa/500-dark/2523.png"
"164","RUTG","Rutgers Scarlet Knights","Rutgers","Scarlet Knights","Rutgers","Rutgers","d21034","ffffff","https://a.espncdn.com/i/teamlogos/ncaa/500/164.png","https://a.espncdn.com/i/teamlogos/ncaa/500-dark/164.png"
"2545","SELA","SE Louisiana Lions","SE Louisiana","Lions","SE Louisiana","SE Louisiana","215732","ffc72c","https://a.espncdn.com/i/teamlogos/ncaa/500/2545.png","https://a.espncdn.com/i/teamlogos/ncaa/500-dark/2545.png"
"2565","SIUE","SIU Edwardsville Cougars","SIUE","Cougars","SIUE","SIU Edwardsville","eb1c23","080808","https://a.espncdn.com/i/teamlogos/ncaa/500/2565.png","https://a.espncdn.com/i/teamlogos/ncaa/500-dark/2565.png"
"2567","SMU","SMU Mustangs","SMU","Mustangs","SMU","SMU","E32F38","ecdcb9","https://a.espncdn.com/i/teamlogos/ncaa/500/2567.png","https://a.espncdn.com/i/teamlogos/ncaa/500-dark/2567.png"
"16","SAC","Sacramento State Hornets","Sacramento St","Hornets","Sacramento St","Sacramento State","00573C","cdb97d","https://a.espncdn.com/i/teamlogos/ncaa/500/16.png","https://a.espncdn.com/i/teamlogos/ncaa/500-dark/16.png"
"2529","SHU","Sacred Heart Pioneers","Sacred Heart","Pioneers","Sacred Heart","Sacred Heart","a40012","c29472","https://a.espncdn.com/i/teamlogos/ncaa/500/2529.png","https://a.espncdn.com/i/teamlogos/ncaa/500-dark/2529.png"
"2603","JOES","Saint Joseph's Hawks","Saint Joseph's","Hawks","Saint Joseph's","Saint Joseph's","C2071B","101010","https://a.espncdn.com/i/teamlogos/ncaa/500/2603.png","https://a.espncdn.com/i/teamlogos/ncaa/500-dark/2603.png"
"139","SLU","Saint Louis Billikens","Saint Louis","Billikens","Saint Louis","Saint Louis","00539C","ebebeb","https://a.espncdn.com/i/teamlogos/ncaa/500/139.png","https://a.espncdn.com/i/teamlogos/ncaa/500-dark/139.png"
"2608","SMC","Saint Mary's Gaels","Saint Mary's","Gaels","Saint Mary's","Saint Mary's","d80024","003057","https://a.espncdn.com/i/teamlogos/ncaa/500/2608.png","https://a.espncdn.com/i/teamlogos/ncaa/500-dark/2608.png"
"2612","SPU","Saint Peter's Peacocks","Saint Peter's","Peacocks","Saint Peter's","Saint Peter's","004CC2",NA,"https://a.espncdn.com/i/teamlogos/ncaa/500/2612.png","https://a.espncdn.com/i/teamlogos/ncaa/500-dark/2612.png"
"2534","SHSU","Sam Houston Bearkats","Sam Houston","Bearkats","Sam Houston","Sam Houston","fe5000","000000","https://a.espncdn.com/i/teamlogos/ncaa/500/2534.png","https://a.espncdn.com/i/teamlogos/ncaa/500-dark/2534.png"
"2535","SAM","Samford Bulldogs","Samford","Bulldogs","Samford","Samford","005485","bc0023","https://a.espncdn.com/i/teamlogos/ncaa/500/2535.png","https://a.espncdn.com/i/teamlogos/ncaa/500-dark/2535.png"
"21","SDSU","San Diego State Aztecs","San Diego St","Aztecs","San Diego St","San Diego State","BF2C37","a8996e","https://a.espncdn.com/i/teamlogos/ncaa/500/21.png","https://a.espncdn.com/i/teamlogos/ncaa/500-dark/21.png"
"301","USD","San Diego Toreros","San Diego","Toreros","San Diego","San Diego","2f99d4","2f99d4","https://a.espncdn.com/i/teamlogos/ncaa/500/301.png","https://a.espncdn.com/i/teamlogos/ncaa/500-dark/301.png"
"2539","SF","San Francisco Dons","San Francisco","Dons","San Francisco","San Francisco","22523F","fbcd3c","https://a.espncdn.com/i/teamlogos/ncaa/500/2539.png","https://a.espncdn.com/i/teamlogos/ncaa/500-dark/2539.png"
"23","SJSU","San Jos State Spartans","San Jos St","Spartans","San Jos St","San Jos State","005893","fdba31","https://a.espncdn.com/i/teamlogos/ncaa/500/23.png","https://a.espncdn.com/i/teamlogos/ncaa/500-dark/23.png"
"2541","SCU","Santa Clara Broncos","Santa Clara","Broncos","Santa Clara","Santa Clara","690b0b","101010","https://a.espncdn.com/i/teamlogos/ncaa/500/2541.png","https://a.espncdn.com/i/teamlogos/ncaa/500-dark/2541.png"
"2547","SEA","Seattle U Redhawks","Seattle U","Redhawks","Seattle U","Seattle U","BF2E1A","c2c3c0","https://a.espncdn.com/i/teamlogos/ncaa/500/2547.png","https://a.espncdn.com/i/teamlogos/ncaa/500-dark/2547.png"
"2550","HALL","Seton Hall Pirates","Seton Hall","Pirates","Seton Hall","Seton Hall","0857B1","8a8d8f","https://a.espncdn.com/i/teamlogos/ncaa/500/2550.png","https://a.espncdn.com/i/teamlogos/ncaa/500-dark/2550.png"
"2561","SIE","Siena Saints","Siena","Saints","Siena","Siena","037961","eea60f","https://a.espncdn.com/i/teamlogos/ncaa/500/2561.png","https://a.espncdn.com/i/teamlogos/ncaa/500-dark/2561.png"
"6","USA","South Alabama Jaguars","South Alabama","Jaguars","South Alabama","South Alabama","003E7E",NA,"https://a.espncdn.com/i/teamlogos/ncaa/500/6.png","https://a.espncdn.com/i/teamlogos/ncaa/500-dark/6.png"
"2579","SC","South Carolina Gamecocks","South Carolina","Gamecocks","South Carolina","South Carolina","73000a","ffffff","https://a.espncdn.com/i/teamlogos/ncaa/500/2579.png","https://a.espncdn.com/i/teamlogos/ncaa/500-dark/2579.png"
"2569","SCST","South Carolina State Bulldogs","SC State","Bulldogs","SC State","South Carolina State","7d1315","104897","https://a.espncdn.com/i/teamlogos/ncaa/500/2569.png","https://a.espncdn.com/i/teamlogos/ncaa/500-dark/2569.png"
"2908","UPST","South Carolina Upstate Spartans","SC Upstate","Spartans","SC Upstate","South Carolina Upstate","008545","000000","https://a.espncdn.com/i/teamlogos/ncaa/500/2908.png","https://a.espncdn.com/i/teamlogos/ncaa/500-dark/2908.png"
"233","SDAK","South Dakota Coyotes","South Dakota","Coyotes","South Dakota","South Dakota","CD1241","f0f0f0","https://a.espncdn.com/i/teamlogos/ncaa/500/233.png","https://a.espncdn.com/i/teamlogos/ncaa/500-dark/233.png"
"2571","SDST","South Dakota State Jackrabbits","S Dakota St","Jackrabbits","S Dakota St","South Dakota State","0033a0","ffd100","https://a.espncdn.com/i/teamlogos/ncaa/500/2571.png","https://a.espncdn.com/i/teamlogos/ncaa/500-dark/2571.png"
"58","USF","South Florida Bulls","South Florida","Bulls","South Florida","South Florida","004A36","231f20","https://a.espncdn.com/i/teamlogos/ncaa/500/58.png","https://a.espncdn.com/i/teamlogos/ncaa/500-dark/58.png"
"2546","SEMO","Southeast Missouri State Redhawks","SE Missouri St","Redhawks","SE Missouri St","Southeast Missouri State","cc0000","080808","https://a.espncdn.com/i/teamlogos/ncaa/500/2546.png","https://a.espncdn.com/i/teamlogos/ncaa/500-dark/2546.png"
"79","SIU","Southern Illinois Salukis","S Illinois","Salukis","S Illinois","Southern Illinois","85283D","c2c3c0","https://a.espncdn.com/i/teamlogos/ncaa/500/79.png","https://a.espncdn.com/i/teamlogos/ncaa/500-dark/79.png"
"2582","SOU","Southern Jaguars","Southern","Jaguars","Southern","Southern","004B97","ffc82d","https://a.espncdn.com/i/teamlogos/ncaa/500/2582.png","https://a.espncdn.com/i/teamlogos/ncaa/500-dark/2582.png"
"2572","USM","Southern Miss Golden Eagles","Southern Miss","Golden Eagles","Southern Miss","Southern Miss","FFAA3C","ffc423","https://a.espncdn.com/i/teamlogos/ncaa/500/2572.png","https://a.espncdn.com/i/teamlogos/ncaa/500-dark/2572.png"
"253","SUU","Southern Utah Thunderbirds","Southern Utah","Thunderbirds","Southern Utah","Southern Utah","c72026","000000","https://a.espncdn.com/i/teamlogos/ncaa/500/253.png","https://a.espncdn.com/i/teamlogos/ncaa/500-dark/253.png"
"179","SBU","St. Bonaventure Bonnies","St Bonaventure","Bonnies","St Bonaventure","St. Bonaventure","70261D",NA,"https://a.espncdn.com/i/teamlogos/ncaa/500/179.png","https://a.espncdn.com/i/teamlogos/ncaa/500-dark/179.png"
"2598","SFPA","St. Francis (PA) Red Flash","St Francis PA","Red Flash","St Francis PA","St. Francis (PA)","a20012",NA,"https://a.espncdn.com/i/teamlogos/ncaa/500/2598.png","https://a.espncdn.com/i/teamlogos/ncaa/500-dark/2598.png"
"2597","SFNY","St. Francis Brooklyn Terriers","St Francis BK","Terriers","St Francis BK","St. Francis Brooklyn","113682",NA,"https://a.espncdn.com/i/teamlogos/ncaa/500/2597.png","https://a.espncdn.com/i/teamlogos/ncaa/500-dark/2597.png"
"2599","SJU","St. John's Red Storm","St John's","Red Storm","St John's","St. John's","d10000","101010","https://a.espncdn.com/i/teamlogos/ncaa/500/2599.png","https://a.espncdn.com/i/teamlogos/ncaa/500-dark/2599.png"
"2900","STMN","St. Thomas - Minnesota Tommies","St Thomas (MN)","Tommies","St Thomas (MN)","St. Thomas - Minnesota","000000",NA,"https://a.espncdn.com/i/teamlogos/ncaa/500/2900.png","https://a.espncdn.com/i/teamlogos/ncaa/500-dark/2900.png"
"24","STAN","Stanford Cardinal","Stanford","Cardinal","Stanford","Stanford","8c1515","ffffff","https://a.espncdn.com/i/teamlogos/ncaa/500/24.png","https://a.espncdn.com/i/teamlogos/ncaa/500-dark/24.png"
"2617","SFA","Stephen F. Austin Lumberjacks","SF Austin","Lumberjacks","SF Austin","Stephen F. Austin","393996","bec0c2","https://a.espncdn.com/i/teamlogos/ncaa/500/2617.png","https://a.espncdn.com/i/teamlogos/ncaa/500-dark/2617.png"
"56","STET","Stetson Hatters","Stetson","Hatters","Stetson","Stetson","0a5640","56854e","https://a.espncdn.com/i/teamlogos/ncaa/500/56.png","https://a.espncdn.com/i/teamlogos/ncaa/500-dark/56.png"
"284","STO","Stonehill Skyhawks","Stonehill","Skyhawks","Stonehill","Stonehill","000000",NA,"https://a.espncdn.com/i/teamlogos/ncaa/500/284.png","https://a.espncdn.com/i/teamlogos/ncaa/500-dark/284.png"
"2619","STBK","Stony Brook Seawolves","Stony Brook","Seawolves","Stony Brook","Stony Brook","990000",NA,"https://a.espncdn.com/i/teamlogos/ncaa/500/2619.png","https://a.espncdn.com/i/teamlogos/ncaa/500-dark/2619.png"
"183","SYR","Syracuse Orange","Syracuse","Orange","Syracuse","Syracuse","ff6500","000e54","https://a.espncdn.com/i/teamlogos/ncaa/500/183.png","https://a.espncdn.com/i/teamlogos/ncaa/500-dark/183.png"
"2628","TCU","TCU Horned Frogs","TCU","Horned Frogs","TCU","TCU","4d1979","f1f2f3","https://a.espncdn.com/i/teamlogos/ncaa/500/2628.png","https://a.espncdn.com/i/teamlogos/ncaa/500-dark/2628.png"
"2627","TAR","Tarleton Texans","Tarleton","Texans","Tarleton","Tarleton","000000",NA,"https://a.espncdn.com/i/teamlogos/ncaa/500/2627.png","https://a.espncdn.com/i/teamlogos/ncaa/500-dark/2627.png"
"218","TEM","Temple Owls","Temple","Owls","Temple","Temple","A80532","a7a9ac","https://a.espncdn.com/i/teamlogos/ncaa/500/218.png","https://a.espncdn.com/i/teamlogos/ncaa/500-dark/218.png"
"2634","TNST","Tennessee State Tigers","Tennessee St","Tigers","Tennessee St","Tennessee State","171796","f0f0f0","https://a.espncdn.com/i/teamlogos/ncaa/500/2634.png","https://a.espncdn.com/i/teamlogos/ncaa/500-dark/2634.png"
"2635","TNTC","Tennessee Tech Golden Eagles","Tennessee Tech","Golden Eagles","Tennessee Tech","Tennessee Tech","5A4099","ffde00","https://a.espncdn.com/i/teamlogos/ncaa/500/2635.png","https://a.espncdn.com/i/teamlogos/ncaa/500-dark/2635.png"
"2633","TENN","Tennessee Volunteers","Tennessee","Volunteers","Tennessee","Tennessee","ff8200","ffffff","https://a.espncdn.com/i/teamlogos/ncaa/500/2633.png","https://a.espncdn.com/i/teamlogos/ncaa/500-dark/2633.png"
"245","TA&M","Texas A&M Aggies","Texas A&M","Aggies","Texas A&M","Texas A&M","5C0025","ffffff","https://a.espncdn.com/i/teamlogos/ncaa/500/245.png","https://a.espncdn.com/i/teamlogos/ncaa/500-dark/245.png"
"2837","TAMC","Texas A&M-Commerce Lions","Texas A&M-Comm","Lions","Texas A&M-Comm","Texas A&M-Commerce","000000",NA,"https://a.espncdn.com/i/teamlogos/ncaa/500/2837.png","https://a.espncdn.com/i/teamlogos/ncaa/500-dark/2837.png"
"357","AMCC","Texas A&M-Corpus Christi Islanders","Texas A&M-CC","Islanders","Texas A&M-CC","Texas A&M-Corpus Christi","00639c","008752","https://a.espncdn.com/i/teamlogos/ncaa/500/357.png","https://a.espncdn.com/i/teamlogos/ncaa/500-dark/357.png"
"251","TEX","Texas Longhorns","Texas","Longhorns","Texas","Texas","c15d26","ffffff","https://a.espncdn.com/i/teamlogos/ncaa/500/251.png","https://a.espncdn.com/i/teamlogos/ncaa/500-dark/251.png"
"2640","TXSO","Texas Southern Tigers","Texas Southern","Tigers","Texas Southern","Texas Southern","6A0403","ebebeb","https://a.espncdn.com/i/teamlogos/ncaa/500/2640.png","https://a.espncdn.com/i/teamlogos/ncaa/500-dark/2640.png"
"326","TXST","Texas State Bobcats","Texas St","Bobcats","Texas St","Texas State","4e1719","b4975a","https://a.espncdn.com/i/teamlogos/ncaa/500/326.png","https://a.espncdn.com/i/teamlogos/ncaa/500-dark/326.png"
"2641","TTU","Texas Tech Red Raiders","Texas Tech","Red Raiders","Texas Tech","Texas Tech","C80025","231f20","https://a.espncdn.com/i/teamlogos/ncaa/500/2641.png","https://a.espncdn.com/i/teamlogos/ncaa/500-dark/2641.png"
"2643","CIT","The Citadel Bulldogs","The Citadel","Bulldogs","The Citadel","The Citadel","002b5c","f0f0f0","https://a.espncdn.com/i/teamlogos/ncaa/500/2643.png","https://a.espncdn.com/i/teamlogos/ncaa/500-dark/2643.png"
"2649","TOL","Toledo Rockets","Toledo","Rockets","Toledo","Toledo","ffffff","ffd51d","https://a.espncdn.com/i/teamlogos/ncaa/500/2649.png","https://a.espncdn.com/i/teamlogos/ncaa/500-dark/2649.png"
"119","TOW","Towson Tigers","Towson","Tigers","Towson","Towson","FFC229",NA,"https://a.espncdn.com/i/teamlogos/ncaa/500/119.png","https://a.espncdn.com/i/teamlogos/ncaa/500-dark/119.png"
"2653","TROY","Troy Trojans","Troy","Trojans","Troy","Troy","AE0210","88898c","https://a.espncdn.com/i/teamlogos/ncaa/500/2653.png","https://a.espncdn.com/i/teamlogos/ncaa/500-dark/2653.png"
"2655","TULN","Tulane Green Wave","Tulane","Green Wave","Tulane","Tulane","005837","3baf29","https://a.espncdn.com/i/teamlogos/ncaa/500/2655.png","https://a.espncdn.com/i/teamlogos/ncaa/500-dark/2655.png"
"202","TLSA","Tulsa Golden Hurricane","Tulsa","Golden Hurricane","Tulsa","Tulsa","003595","d0b787","https://a.espncdn.com/i/teamlogos/ncaa/500/202.png","https://a.espncdn.com/i/teamlogos/ncaa/500-dark/202.png"
"5","UAB","UAB Blazers","UAB","Blazers","UAB","UAB","054338","ffc845","https://a.espncdn.com/i/teamlogos/ncaa/500/5.png","https://a.espncdn.com/i/teamlogos/ncaa/500-dark/5.png"
"302","UCD","UC Davis Aggies","UC Davis","Aggies","UC Davis","UC Davis","002855","c3c4c6","https://a.espncdn.com/i/teamlogos/ncaa/500/302.png","https://a.espncdn.com/i/teamlogos/ncaa/500-dark/302.png"
"300","UCI","UC Irvine Anteaters","UC Irvine","Anteaters","UC Irvine","UC Irvine","002B5C","fec52e","https://a.espncdn.com/i/teamlogos/ncaa/500/300.png","https://a.espncdn.com/i/teamlogos/ncaa/500-dark/300.png"
"27","UCR","UC Riverside Highlanders","UC Riverside","Highlanders","UC Riverside","UC Riverside","14234F",NA,"https://a.espncdn.com/i/teamlogos/ncaa/500/27.png","https://a.espncdn.com/i/teamlogos/ncaa/500-dark/27.png"
"28","UCSD","UC San Diego Tritons","UC San Diego","Tritons","UC San Diego","UC San Diego","000000",NA,"https://a.espncdn.com/i/teamlogos/ncaa/500/28.png","https://a.espncdn.com/i/teamlogos/ncaa/500-dark/28.png"
"2540","UCSB","UC Santa Barbara Gauchos","UCSB","Gauchos","UCSB","UC Santa Barbara","1D1160","fdb813","https://a.espncdn.com/i/teamlogos/ncaa/500/2540.png","https://a.espncdn.com/i/teamlogos/ncaa/500-dark/2540.png"
"2116","UCF","UCF Knights","UCF","Knights","UCF","UCF","000000","231f20","https://a.espncdn.com/i/teamlogos/ncaa/500/2116.png","https://a.espncdn.com/i/teamlogos/ncaa/500-dark/2116.png"
"26","UCLA","UCLA Bruins","UCLA","Bruins","UCLA","UCLA","2774ae","f2a900","https://a.espncdn.com/i/teamlogos/ncaa/500/26.png","https://a.espncdn.com/i/teamlogos/ncaa/500-dark/26.png"
"41","CONN","UConn Huskies","UConn","Huskies","UConn","UConn","0c2340","f1f2f3","https://a.espncdn.com/i/teamlogos/ncaa/500/41.png","https://a.espncdn.com/i/teamlogos/ncaa/500-dark/41.png"
"82","UIC","UIC Flames","UIC","Flames","UIC","UIC","001e62","d50032","https://a.espncdn.com/i/teamlogos/ncaa/500/82.png","https://a.espncdn.com/i/teamlogos/ncaa/500-dark/82.png"
"2433","ULM","UL Monroe Warhawks","UL Monroe","Warhawks","UL Monroe","UL Monroe","231F20","b18445","https://a.espncdn.com/i/teamlogos/ncaa/500/2433.png","https://a.espncdn.com/i/teamlogos/ncaa/500-dark/2433.png"
"2378","UMBC","UMBC Retrievers","UMBC","Retrievers","UMBC","UMBC","000000","ad860a","https://a.espncdn.com/i/teamlogos/ncaa/500/2378.png","https://a.espncdn.com/i/teamlogos/ncaa/500-dark/2378.png"
"2349","UML","UMass Lowell River Hawks","UMass Lowell","River Hawks","UMass Lowell","UMass Lowell","00529C","cf1f2f","https://a.espncdn.com/i/teamlogos/ncaa/500/2349.png","https://a.espncdn.com/i/teamlogos/ncaa/500-dark/2349.png"
"113","MASS","UMass Minutemen","UMass","Minutemen","UMass","UMass","880007",NA,"https://a.espncdn.com/i/teamlogos/ncaa/500/113.png","https://a.espncdn.com/i/teamlogos/ncaa/500-dark/113.png"
"2427","UNCA","UNC Asheville Bulldogs","UNC Asheville","Bulldogs","UNC Asheville","UNC Asheville","003da5","ffffff","https://a.espncdn.com/i/teamlogos/ncaa/500/2427.png","https://a.espncdn.com/i/teamlogos/ncaa/500-dark/2427.png"
"2430","UNCG","UNC Greensboro Spartans","UNC Greensboro","Spartans","UNC Greensboro","UNC Greensboro","003559","ffd90a","https://a.espncdn.com/i/teamlogos/ncaa/500/2430.png","https://a.espncdn.com/i/teamlogos/ncaa/500-dark/2430.png"
"350","UNCW","UNC Wilmington Seahawks","UNC Wilmington","Seahawks","UNC Wilmington","UNC Wilmington","1d2f68","00665e","https://a.espncdn.com/i/teamlogos/ncaa/500/350.png","https://a.espncdn.com/i/teamlogos/ncaa/500-dark/350.png"
"2439","UNLV","UNLV Rebels","UNLV","Rebels","UNLV","UNLV","b10202","ffffff","https://a.espncdn.com/i/teamlogos/ncaa/500/2439.png","https://a.espncdn.com/i/teamlogos/ncaa/500-dark/2439.png"
"30","USC","USC Trojans","USC","Trojans","USC","USC","9e2237","ffcc00","https://a.espncdn.com/i/teamlogos/ncaa/500/30.png","https://a.espncdn.com/i/teamlogos/ncaa/500-dark/30.png"
"250","UTA","UT Arlington Mavericks","UT Arlington","Mavericks","UT Arlington","UT Arlington","004b7c","f58024","https://a.espncdn.com/i/teamlogos/ncaa/500/250.png","https://a.espncdn.com/i/teamlogos/ncaa/500-dark/250.png"
"2630","UTM","UT Martin Skyhawks","UT Martin","Skyhawks","UT Martin","UT Martin","FF6700","102a5c","https://a.espncdn.com/i/teamlogos/ncaa/500/2630.png","https://a.espncdn.com/i/teamlogos/ncaa/500-dark/2630.png"
"292","UTRGV","UT Rio Grande Valley Vaqueros","UT Rio Grande","Vaqueros","UT Rio Grande","UT Rio Grande Valley","dc6000","e1732d","https://a.espncdn.com/i/teamlogos/ncaa/500/292.png","https://a.espncdn.com/i/teamlogos/ncaa/500-dark/292.png"
"2638","UTEP","UTEP Miners","UTEP","Miners","UTEP","UTEP","ff8200","041e42","https://a.espncdn.com/i/teamlogos/ncaa/500/2638.png","https://a.espncdn.com/i/teamlogos/ncaa/500-dark/2638.png"
"2636","UTSA","UTSA Roadrunners","UTSA","Roadrunners","UTSA","UTSA","002A5C","f47321","https://a.espncdn.com/i/teamlogos/ncaa/500/2636.png","https://a.espncdn.com/i/teamlogos/ncaa/500-dark/2636.png"
"328","USU","Utah State Aggies","Utah State","Aggies","Utah State","Utah State","00263a","949ca1","https://a.espncdn.com/i/teamlogos/ncaa/500/328.png","https://a.espncdn.com/i/teamlogos/ncaa/500-dark/328.png"
"3101","UTU","Utah Tech Trailblazers","Utah Tech","Trailblazers","Utah Tech","Utah Tech","000000",NA,"https://a.espncdn.com/i/teamlogos/ncaa/500/3101.png","https://a.espncdn.com/i/teamlogos/ncaa/500-dark/3101.png"
"254","UTAH","Utah Utes","Utah","Utes","Utah","Utah","890012","7e8083","https://a.espncdn.com/i/teamlogos/ncaa/500/254.png","https://a.espncdn.com/i/teamlogos/ncaa/500-dark/254.png"
"3084","UVU","Utah Valley Wolverines","Utah Valley","Wolverines","Utah Valley","Utah Valley","004812","e1c736","https://a.espncdn.com/i/teamlogos/ncaa/500/3084.png","https://a.espncdn.com/i/teamlogos/ncaa/500-dark/3084.png"
"2670","VCU","VCU Rams","VCU","Rams","VCU","VCU","929292","edb71d","https://a.espncdn.com/i/teamlogos/ncaa/500/2670.png","https://a.espncdn.com/i/teamlogos/ncaa/500-dark/2670.png"
"2678","VMI","VMI Keydets","VMI","Keydets","VMI","VMI","E52D37","eec52b","https://a.espncdn.com/i/teamlogos/ncaa/500/2678.png","https://a.espncdn.com/i/teamlogos/ncaa/500-dark/2678.png"
"2674","VAL","Valparaiso Beacons","Valparaiso","Beacons","Valparaiso","Valparaiso","794500",NA,"https://a.espncdn.com/i/teamlogos/ncaa/500/2674.png","https://a.espncdn.com/i/teamlogos/ncaa/500-dark/2674.png"
"238","VAN","Vanderbilt Commodores","Vanderbilt","Commodores","Vanderbilt","Vanderbilt","000000","231f20","https://a.espncdn.com/i/teamlogos/ncaa/500/238.png","https://a.espncdn.com/i/teamlogos/ncaa/500-dark/238.png"
"261","UVM","Vermont Catamounts","Vermont","Catamounts","Vermont","Vermont","154734","ffc72c","https://a.espncdn.com/i/teamlogos/ncaa/500/261.png","https://a.espncdn.com/i/teamlogos/ncaa/500-dark/261.png"
"222","VILL","Villanova Wildcats","Villanova","Wildcats","Villanova","Villanova","00205b","13b5ea","https://a.espncdn.com/i/teamlogos/ncaa/500/222.png","https://a.espncdn.com/i/teamlogos/ncaa/500-dark/222.png"
"258","UVA","Virginia Cavaliers","Virginia","Cavaliers","Virginia","Virginia","f84c1e","ffffff","https://a.espncdn.com/i/teamlogos/ncaa/500/258.png","https://a.espncdn.com/i/teamlogos/ncaa/500-dark/258.png"
"259","VT","Virginia Tech Hokies","Virginia Tech","Hokies","Virginia Tech","Virginia Tech","630031","cf4520","https://a.espncdn.com/i/teamlogos/ncaa/500/259.png","https://a.espncdn.com/i/teamlogos/ncaa/500-dark/259.png"
"2681","WAG","Wagner Seahawks","Wagner","Seahawks","Wagner","Wagner","00483A","ffffff","https://a.espncdn.com/i/teamlogos/ncaa/500/2681.png","https://a.espncdn.com/i/teamlogos/ncaa/500-dark/2681.png"
"154","WAKE","Wake Forest Demon Deacons","Wake Forest","Demon Deacons","Wake Forest","Wake Forest","9E7E38","000000","https://a.espncdn.com/i/teamlogos/ncaa/500/154.png","https://a.espncdn.com/i/teamlogos/ncaa/500-dark/154.png"
"264","WASH","Washington Huskies","Washington","Huskies","Washington","Washington","33006f","e8d3a2","https://a.espncdn.com/i/teamlogos/ncaa/500/264.png","https://a.espncdn.com/i/teamlogos/ncaa/500-dark/264.png"
"265","WSU","Washington State Cougars","Washington St","Cougars","Washington St","Washington State","94022a","6a747c","https://a.espncdn.com/i/teamlogos/ncaa/500/265.png","https://a.espncdn.com/i/teamlogos/ncaa/500-dark/265.png"
"2692","WEB","Weber State Wildcats","Weber St","Wildcats","Weber St","Weber State","18005a","ebebeb","https://a.espncdn.com/i/teamlogos/ncaa/500/2692.png","https://a.espncdn.com/i/teamlogos/ncaa/500-dark/2692.png"
"277","WVU","West Virginia Mountaineers","West Virginia","Mountaineers","West Virginia","West Virginia","FFC600","eaaa00","https://a.espncdn.com/i/teamlogos/ncaa/500/277.png","https://a.espncdn.com/i/teamlogos/ncaa/500-dark/277.png"
"2717","WCU","Western Carolina Catamounts","W Carolina","Catamounts","W Carolina","Western Carolina","492F91","bf9e70","https://a.espncdn.com/i/teamlogos/ncaa/500/2717.png","https://a.espncdn.com/i/teamlogos/ncaa/500-dark/2717.png"
"2710","WIU","Western Illinois Leathernecks","W Illinois","Leathernecks","W Illinois","Western Illinois","4e1e8a","ffc90a","https://a.espncdn.com/i/teamlogos/ncaa/500/2710.png","https://a.espncdn.com/i/teamlogos/ncaa/500-dark/2710.png"
"98","WKU","Western Kentucky Hilltoppers","Western KY","Hilltoppers","Western KY","Western Kentucky","F32026","b3b5b8","https://a.espncdn.com/i/teamlogos/ncaa/500/98.png","https://a.espncdn.com/i/teamlogos/ncaa/500-dark/98.png"
"2711","WMU","Western Michigan Broncos","W Michigan","Broncos","W Michigan","Western Michigan","532e1f","8b7f79","https://a.espncdn.com/i/teamlogos/ncaa/500/2711.png","https://a.espncdn.com/i/teamlogos/ncaa/500-dark/2711.png"
"2724","WICH","Wichita State Shockers","Wichita St","Shockers","Wichita St","Wichita State","0d0a03","ffc41e","https://a.espncdn.com/i/teamlogos/ncaa/500/2724.png","https://a.espncdn.com/i/teamlogos/ncaa/500-dark/2724.png"
"2729","W&M","William & Mary Tribe","William & Mary","Tribe","William & Mary","William & Mary","103217","f6b220","https://a.espncdn.com/i/teamlogos/ncaa/500/2729.png","https://a.espncdn.com/i/teamlogos/ncaa/500-dark/2729.png"
"2737","WIN","Winthrop Eagles","Winthrop","Eagles","Winthrop","Winthrop","9e0b0e","fdb41e","https://a.espncdn.com/i/teamlogos/ncaa/500/2737.png","https://a.espncdn.com/i/teamlogos/ncaa/500-dark/2737.png"
"275","WISC","Wisconsin Badgers","Wisconsin","Badgers","Wisconsin","Wisconsin","A00002","f7f7f7","https://a.espncdn.com/i/teamlogos/ncaa/500/275.png","https://a.espncdn.com/i/teamlogos/ncaa/500-dark/275.png"
"2747","WOF","Wofford Terriers","Wofford","Terriers","Wofford","Wofford","533B22","f0f0f0","https://a.espncdn.com/i/teamlogos/ncaa/500/2747.png","https://a.espncdn.com/i/teamlogos/ncaa/500-dark/2747.png"
"2750","WRST","Wright State Raiders","Wright St","Raiders","Wright St","Wright State","cba052","cba052","https://a.espncdn.com/i/teamlogos/ncaa/500/2750.png","https://a.espncdn.com/i/teamlogos/ncaa/500-dark/2750.png"
"2751","WYO","Wyoming Cowboys","Wyoming","Cowboys","Wyoming","Wyoming","533B22","ffffff","https://a.espncdn.com/i/teamlogos/ncaa/500/2751.png","https://a.espncdn.com/i/teamlogos/ncaa/500-dark/2751.png"
"2752","XAV","Xavier Musketeers","Xavier","Musketeers","Xavier","Xavier","002144","9ea2a2","https://a.espncdn.com/i/teamlogos/ncaa/500/2752.png","https://a.espncdn.com/i/teamlogos/ncaa/500-dark/2752.png"
"43","YALE","Yale Bulldogs","Yale","Bulldogs","Yale","Yale","004a81","286dc0","https://a.espncdn.com/i/teamlogos/ncaa/500/43.png","https://a.espncdn.com/i/teamlogos/ncaa/500-dark/43.png"
"2754","YSU","Youngstown State Penguins","Youngstown St","Penguins","Youngstown St","Youngstown State","E51935","690717","https://a.espncdn.com/i/teamlogos/ncaa/500/2754.png","https://a.espncdn.com/i/teamlogos/ncaa/500-dark/2754.png"
